perfil_base,nivel_preferido,tasa_completado,tiempo_lectura_min,aciertos_comprension,sesiones_semana,nivel_maximo_alcanzado,cluster,nombre_cluster
Principiante_Severo,1.0397371322408986,0.39723471397657634,28.518150830480554,0.3304605971281605,1.0,1.0,4,Lector Inicial con Dificultades
Principiante_Severo,1.1263370252405913,0.4153486945830582,27.62442049125204,0.3108512008717193,1.0,1.0,4,Lector Inicial con Dificultades
Principiante_Severo,1.0193569817252828,0.3617343951068441,26.620065733989573,0.2887542494151805,1.0,1.025139786607622,4,Lector Inicial con Dificultades
Principiante_Severo,1.0,0.3717539259732942,29.172519015137244,0.2954844739902693,1.0135056409375847,1.0,4,Lector Inicial con Dificultades
Principiante_Severo,1.0,0.40221845179419735,27.079205138062157,0.3075139603669134,1.0,1.0,4,Lector Inicial con Dificultades
Principiante_Severo,1.0,0.4370455636901788,27.989202220209652,0.278845781420882,1.1645089824206378,1.0,4,Lector Inicial con Dificultades
Principiante_Severo,1.0167090876003804,0.3608065975224045,26.937451160881256,0.30393722471738244,1.147693315999082,1.0137094624951977,4,Lector Inicial con Dificultades
Principiante_Severo,1.0,0.39397792608821425,26.817182407706056,0.2856031158321058,1.0,1.0845697780975132,4,Lector Inicial con Dificultades
Principiante_Severo,1.027489463165477,0.36473919689274537,28.259267175515838,0.2922983543916737,1.0,1.0489341031072694,4,Lector Inicial con Dificultades
Principiante_Severo,1.082479961799676,0.418625602382324,27.32862598142189,0.2938157524829757,1.0662526862807127,1.0780436101697888,4,Lector Inicial con Dificultades
Principiante_Severo,1.0,0.3962868204667237,27.114932020795177,0.2760758675183866,1.1625051644788396,1.108499202285666,4,Lector Inicial con Dificultades
Principiante_Severo,1.0,0.4200706579578405,28.28930882003811,0.2870976049078975,1.0722791211016829,1.1230429253172776,4,Lector Inicial con Dificultades
Principiante_Severo,1.0,0.4312928731162802,25.904203916728203,0.3164380500875045,1.0174094136476342,1.0,4,Lector Inicial con Dificultades
Principiante_Severo,1.0073408621228401,0.36024862170798216,27.82426248972999,0.30714225143023494,1.2955788089483034,1.0,4,Lector Inicial con Dificultades
Principiante_Severo,1.0,0.3899648591283093,28.73232169416166,0.30657502219319366,1.0,1.0410613946490685,4,Lector Inicial con Dificultades
Principiante_Severo,1.0077662039478432,0.4193728998106578,27.43835752489812,0.29344675706804463,1.0,1.0,4,Lector Inicial con Dificultades
Principiante_Severo,1.0236896221651661,0.4052211054435978,28.00409076531397,0.29530825733249705,1.0,1.0,4,Lector Inicial con Dificultades
Principiante_Severo,1.0,0.38395445461556765,27.870971430667193,0.30808101713629077,1.3772371802421062,1.013966225026547,4,Lector Inicial con Dificultades
Principiante_Severo,1.020604031257821,0.3985110816846767,26.464983027760766,0.29946972249101567,1.0120460419882054,1.197059368998823,4,Lector Inicial con Dificultades
Principiante_Severo,1.0,0.4060309468466723,27.972230584235806,0.2766264392476093,1.2285645629030042,1.060154642614942,4,Lector Inicial con Dificultades
Principiante_Severo,1.0632825557634438,0.38181225090410525,29.122235448748878,0.27196297874415437,1.117371418760054,1.1752364500647983,4,Lector Inicial con Dificultades
Principiante_Severo,1.0,0.3886740454079446,28.079721092070113,0.289930486917676,1.0,1.0054850379844822,4,Lector Inicial con Dificultades
Principiante_Severo,1.0,0.40947184861270364,27.264460612612957,0.33099868810035077,1.0,1.0,4,Lector Inicial con Dificultades
Principiante_Severo,1.0650813773895735,0.3753827136713209,28.181967947683304,0.32614285508564855,1.0,1.0147707086825843,4,Lector Inicial con Dificultades
Principiante_Severo,1.0207906235398738,0.4156364574355462,27.010439431297534,0.2735908677383145,1.1043883131233796,1.0237587738586549,4,Lector Inicial con Dificultades
Principiante_Severo,1.0200394280276701,0.4069289641899395,27.455980222737207,0.30464507394322005,1.0586144946597362,1.0,4,Lector Inicial con Dificultades
Principiante_Severo,1.1492619608915806,0.4094766584182358,27.04695720223788,0.3131310721726766,1.0,1.0629667682993962,4,Lector Inicial con Dificultades
Principiante_Severo,1.0926876463205923,0.38358635363296584,28.770700903395458,0.30825561853872996,1.164412031998898,1.1517434386123158,4,Lector Inicial con Dificultades
Principiante_Severo,1.0,0.3849252767128502,27.288388456299582,0.28368379430069124,1.0,1.0272921579853316,4,Lector Inicial con Dificultades
Principiante_Severo,1.0221352639464014,0.4165436649807205,28.010401513502327,0.32907068154314634,1.0,1.2176135333271696,4,Lector Inicial con Dificultades
Principiante_Moderado,1.0500533878212006,0.6028568488716743,21.14328600155111,0.5296494483048637,1.9553074429348298,1.0571200395273674,2,Lector Inicial con Dificultades
Principiante_Moderado,1.0378590099658835,0.6185434217468625,21.322565025545277,0.48970305550628274,1.9106970095865958,1.0685119035458779,2,Lector Inicial con Dificultades
Principiante_Moderado,1.0171274995304163,0.5950852244257603,22.138544740680945,0.5277063475945768,1.8232285127597734,1.0122980084756423,2,Lector Inicial con Dificultades
Principiante_Moderado,1.00465669747568,0.5971405940433875,22.286229888278626,0.5312156905273647,2.2166102486350554,1.0843041641627922,2,Lector Inicial con Dificultades
Principiante_Moderado,1.0,0.6012434992016975,22.412028213766927,0.5302757190182442,2.1030095372612094,1.3082185192523776,2,Lector Inicial con Dificultades
Principiante_Moderado,1.0456712408554534,0.6427113128036119,22.76320141079456,0.533027825026116,1.9369461510719308,1.0607175376394613,2,Lector Inicial con Dificultades
Principiante_Moderado,1.0,0.6152636278651998,21.611709161736716,0.5216374827877265,2.4629317133347017,1.0,2,Lector Inicial con Dificultades
Principiante_Moderado,1.054900815229961,0.587745682576207,21.622454507368452,0.5417790119393473,2.0128560038190924,1.0,2,Lector Inicial con Dificultades
Principiante_Moderado,1.0,0.6335919549786935,21.41570669462629,0.5243291717916395,2.0091143679807626,1.0,2,Lector Inicial con Dificultades
Principiante_Moderado,1.171515527146026,0.6326783804463603,20.379885930673915,0.5237290862953886,1.8676427070463224,1.068194666783698,2,Lector Inicial con Dificultades
Principiante_Moderado,1.0,0.617705271170662,22.403989823184364,0.5373151038834024,1.7599407185888447,1.0,2,Lector Inicial con Dificultades
Principiante_Moderado,1.0,0.6069334153485257,23.412363392224876,0.5280996342192191,1.7478232091329908,1.0734289557643821,2,Lector Inicial con Dificultades
Principiante_Moderado,1.1697724957610107,0.6406493052110229,20.78450402723679,0.510315318542675,2.2533822298373245,1.0,2,Lector Inicial con Dificultades
Principiante_Moderado,1.0355055542516982,0.6354926810685867,21.258455622737532,0.518809492878764,1.3517465319861854,1.0,2,Lector Inicial con Dificultades
Principiante_Moderado,1.0,0.595044336360703,23.30592904314531,0.49139717244078734,1.9119911026606031,1.0104592461828874,2,Lector Inicial con Dificultades
Principiante_Moderado,1.1153018631252893,0.5912827569764112,22.930531001723967,0.5202046612203918,1.8036982697904098,1.0369682779410616,2,Lector Inicial con Dificultades
Principiante_Moderado,1.0159247756458776,0.6079956624568241,22.055841667992016,0.5122937280627649,2.0227034690502497,1.0529704539616838,2,Lector Inicial con Dificultades
Principiante_Moderado,1.1268813452916282,0.595243690023463,23.706426699725014,0.48095824400955,1.9696429809928833,1.047065376518766,2,Lector Inicial con Dificultades
Principiante_Moderado,1.0224793494188027,0.6075460096035881,21.83350219971418,0.5101399813068234,1.8821270486111576,1.067968167761682,2,Lector Inicial con Dificultades
Principiante_Moderado,1.0285612388772039,0.6061418080947869,22.719679900346602,0.5261459904175322,2.162572423767792,1.050370307353889,2,Lector Inicial con Dificultades
Principiante_Moderado,1.0,0.6087963791960606,22.59783488409861,0.5322074053086693,1.9958196812071705,1.0093861906647026,2,Lector Inicial con Dificultades
Principiante_Moderado,1.102213191663074,0.6081685722232834,22.43767790493603,0.5159561469513221,1.956463759354556,1.0879021481589752,2,Lector Inicial con Dificultades
Principiante_Moderado,1.0660333079190423,0.6362701927200127,23.044383045723464,0.5204200768326552,2.1363905942589927,1.0,2,Lector Inicial con Dificultades
Principiante_Moderado,1.0259333081990754,0.6173971389126462,22.077596771994173,0.5319031405087383,1.8363558633533055,1.1673909820548367,2,Lector Inicial con Dificultades
Principiante_Moderado,1.0,0.5957162277442454,22.926488698800053,0.5358332538792587,2.124823963410431,1.0502676407411424,2,Lector Inicial con Dificultades
Principiante_Moderado,1.0,0.6020549125702833,22.060643646554983,0.5064567657697577,2.19502394668355,1.0,2,Lector Inicial con Dificultades
Principiante_Moderado,1.0,0.6135722831669401,22.3303451634205,0.5087255089439205,1.8355559208867138,1.019494976919353,2,Lector Inicial con Dificultades
Principiante_Moderado,1.0195973256886979,0.6098611364925774,21.623169355505343,0.5246409987471528,1.7103831317005351,1.0,2,Lector Inicial con Dificultades
Principiante_Moderado,1.0,0.615731056965763,22.248726052478403,0.5495071243389911,2.171531924640404,1.0,2,Lector Inicial con Dificultades
Principiante_Moderado,1.0,0.5999494127072438,21.98518949120609,0.5142268272215973,2.0645437120676178,1.0,2,Lector Inicial con Dificultades
Elemental_Estable,2.0415477211392936,0.7306547782600515,16.912991881234515,0.6280342344419788,2.1380287983422224,1.9679023622491332,6,Lector Elemental en Desarrollo
Elemental_Estable,2.0179273985448334,0.7002518480156359,17.078140878839065,0.6045398043228907,2.0049020348517885,2.039839863299636,6,Lector Elemental en Desarrollo
Elemental_Estable,2.1160914886236033,0.7191854165217041,18.722545966009246,0.604653048742239,2.1744641273441356,2.014667360459068,6,Lector Elemental en Desarrollo
Elemental_Estable,2.1751842346574137,0.6838340342928969,16.32822252625538,0.6080121470911195,1.5752208551380387,1.9579395982655392,6,Lector Elemental en Desarrollo
Elemental_Estable,1.939269387075704,0.7030078757295241,17.27340478062173,0.6575234167843177,2.19008476763721,1.9538477075470078,6,Lector Elemental en Desarrollo
Elemental_Estable,1.9281268262921314,0.7098383834301301,15.943813434383486,0.6566291753170871,2.2358880241442574,1.9624659478316235,6,Lector Elemental en Desarrollo
Elemental_Estable,1.86294923767273,0.7270774474833082,16.908368123797906,0.6447563262394692,1.6811144682411265,1.952049998163698,6,Lector Elemental en Desarrollo
Elemental_Estable,2.0004194959774546,0.7009396118752947,16.639947622816607,0.6324569986469499,1.7864759141234812,1.9886096411982965,6,Lector Elemental en Desarrollo
Elemental_Estable,2.009623650536952,0.710288776681175,17.56929190247111,0.5975071581632426,1.6931771658528756,2.102214145751881,6,Lector Elemental en Desarrollo
Elemental_Estable,2.026585120958367,0.6850302692688689,18.240921580418018,0.6223134926858571,2.235859436812765,2.005401478512809,6,Lector Elemental en Desarrollo
Elemental_Estable,2.164859833990559,0.735106816848864,16.800828681216743,0.6394314190190871,2.1290751899170295,2.109490524602588,6,Lector Elemental en Desarrollo
Elemental_Estable,1.9228061231535916,0.7137210291999687,17.84673958947967,0.5848252102715377,1.763348297466845,1.836861425779192,6,Lector Elemental en Desarrollo
Elemental_Estable,1.9784474532444354,0.7143508451159192,18.201885641676824,0.6214818956083955,2.3257231091142585,1.8895918833428087,6,Lector Elemental en Desarrollo
Elemental_Estable,1.8637294048515876,0.6988890460220676,17.307252359151445,0.6193461050381182,1.5865115799920246,1.992870396838977,6,Lector Elemental en Desarrollo
Elemental_Estable,1.8956424399596117,0.7133934509766007,17.293278596877478,0.6012024042734528,1.8972266165326612,1.9152629182488838,6,Lector Elemental en Desarrollo
Elemental_Estable,1.9949856722181463,0.7191028464100248,16.211419162931566,0.6300809303103568,1.8939484763255119,1.9365701734190124,6,Lector Elemental en Desarrollo
Elemental_Estable,1.9914375712036354,0.6792951535516125,16.557080555722255,0.596042442148223,2.392945026583278,2.002821084157738,6,Lector Elemental en Desarrollo
Elemental_Estable,1.9440219593605932,0.7042795982146844,16.910137560247335,0.6155806080093356,2.122833340008685,2.0606006168037845,6,Lector Elemental en Desarrollo
Elemental_Estable,1.9575599081911579,0.6884836351871063,16.779958642278686,0.5739615767052884,1.6969617875602896,2.109349941395562,6,Lector Elemental en Desarrollo
Elemental_Estable,2.1315974170801026,0.6950192792088724,17.461245570444614,0.6262250030908707,2.6157761616910475,2.0895659929147663,6,Lector Elemental en Desarrollo
Elemental_Estable,1.9897665926815387,0.6808891911879914,15.714842943793942,0.6240692727173445,1.8487298509431394,1.8862197032321861,6,Lector Elemental en Desarrollo
Elemental_Estable,1.9482741692605978,0.678369039927712,18.349713308058053,0.637632795138989,1.9984054717366766,2.118395531111202,6,Lector Elemental en Desarrollo
Elemental_Estable,2.0061894646118095,0.6827743159734346,18.218499261815726,0.6307782008736932,1.7925507691347087,1.9847729057533114,6,Lector Elemental en Desarrollo
Elemental_Estable,1.9299505397292194,0.6723440053807133,17.740942038025313,0.6581883328094026,1.7202864852361717,2.0450375389352455,6,Lector Elemental en Desarrollo
Elemental_Estable,1.947948594470254,0.690257492324706,16.526084860608904,0.6027201846064036,2.0097043255889653,1.933523990687117,6,Lector Elemental en Desarrollo
Elemental_Estable,2.0216365460623873,0.6989952378110172,16.80884156250687,0.601848726759168,1.8846457338863334,2.0604312980660606,6,Lector Elemental en Desarrollo
Elemental_Estable,2.0400733750099507,0.680448895104029,17.07946584434338,0.6350277424674358,1.6661189437757256,2.0434688153903946,6,Lector Elemental en Desarrollo
Elemental_Estable,1.9469900992843323,0.7114119733718631,16.389392674765986,0.5839023579867096,1.6744915124233675,2.0038467957329105,6,Lector Elemental en Desarrollo
Elemental_Estable,2.0207778001377186,0.6819136674979118,17.5108739670219,0.5867695987546208,1.9867840402705368,1.9031187040190034,6,Lector Elemental en Desarrollo
Elemental_Estable,1.9478531113758273,0.7009479734263282,16.31166930777284,0.6123088891154035,2.201258561842888,1.953848650438148,6,Lector Elemental en Desarrollo
Elemental_Progresivo,2.066855368965211,0.7774058629068477,13.423843342332226,0.748831372413158,2.505671099974542,1.936248379562362,0,Lector Elemental Consolidado
Elemental_Progresivo,2.046165770174443,0.7959390922791402,13.296916698697046,0.7079202962656835,3.01731795749458,1.9875458211686337,0,Lector Elemental Consolidado
Elemental_Progresivo,2.0934225649327844,0.8050884168660243,13.270082129660162,0.7117624606775507,2.902478755185501,1.9653953449744304,0,Lector Elemental Consolidado
Elemental_Progresivo,2.031556171390264,0.7915803103835948,13.23181988551713,0.7615080159729087,3.1742249406863383,1.9739181174265727,0,Lector Elemental Consolidado
Elemental_Progresivo,2.0960971137731157,0.7918384925395691,11.369500371857717,0.6998382737816519,2.6258416157948288,1.9718789212766954,0,Lector Elemental Consolidado
Elemental_Progresivo,2.001473470335164,0.8335287462455057,13.26154189901133,0.7156179894238227,3.1658811162366978,1.823109175279369,0,Lector Elemental Consolidado
Elemental_Progresivo,2.0188491646486852,0.8154173038777394,11.817131003376126,0.7428750808641386,3.067699281498883,1.9667769668879358,0,Lector Elemental Consolidado
Elemental_Progresivo,2.050622549288503,0.845413857156088,13.145493004046797,0.7249644117260067,2.908127820091951,1.9320124504428167,0,Lector Elemental Consolidado
Elemental_Progresivo,2.06642686532354,0.7828783234818227,13.057252989775513,0.7104468510646976,3.0957959651492786,2.0266929684229558,0,Lector Elemental Consolidado
Elemental_Progresivo,2.083003195540632,0.7897996720229051,12.784100051765304,0.7004247256843539,2.9111413479847776,2.030184039443588,0,Lector Elemental Consolidado
Elemental_Progresivo,2.0605590893316283,0.7815566935164475,13.695684736084528,0.747112757176099,3.0826869806447403,2.150143665004645,0,Lector Elemental Consolidado
Elemental_Progresivo,1.9380968640717142,0.7751069059337717,11.577023800876578,0.7499208862297836,3.1308731312708113,1.9955532263271636,0,Lector Elemental Consolidado
Elemental_Progresivo,2.0223974901055857,0.7774902190540325,14.95660158369346,0.7225844236395045,3.0218789589209787,2.0580613299118955,0,Lector Elemental Consolidado
Elemental_Progresivo,2.038480738538937,0.8044776804855827,12.367620435643751,0.7294293671427199,3.376404899295007,2.107633603692398,0,Lector Elemental Consolidado
Elemental_Progresivo,2.127454930131152,0.7897756864713763,12.208316143793136,0.717484261598007,3.011144982457739,2.087535321477676,0,Lector Elemental Consolidado
Elemental_Progresivo,1.8646028296228145,0.8305910063892123,12.873593681136809,0.7114623786010515,2.7975791249479665,1.8676114662507384,0,Lector Elemental Consolidado
Elemental_Progresivo,2.065853646716953,0.8014663593437681,11.968031280207157,0.6940984245587276,2.932843060141974,2.1335217220231515,0,Lector Elemental Consolidado
Elemental_Progresivo,1.9792326918909116,0.7699371409376379,12.803405548731245,0.7145455286050466,2.4606226714116857,1.995656410678575,0,Lector Elemental Consolidado
Elemental_Progresivo,1.9815252375833057,0.8139241272962684,14.479164875956275,0.7425313005909551,2.9462222618890337,1.9114779273006663,0,Lector Elemental Consolidado
Elemental_Progresivo,2.2058687842599887,0.8011843686802899,13.011143433530357,0.7195174982577999,3.039616952153571,1.9884511670460847,0,Lector Elemental Consolidado
Elemental_Progresivo,1.9541070394495812,0.7890628211751922,12.9737973838272,0.7091315045773247,2.857430843464567,2.0085144182153516,0,Lector Elemental Consolidado
Elemental_Progresivo,1.9796018226063317,0.8300798597716538,10.879224153285591,0.7418301370384492,3.249217038499526,1.834128781407348,0,Lector Elemental Consolidado
Elemental_Progresivo,1.972584992473572,0.7925711826800842,11.873990644225742,0.7044436662481824,2.7778848309068342,2.1401816354738896,0,Lector Elemental Consolidado
Elemental_Progresivo,2.074854271451797,0.8254311018998832,13.577337651234588,0.6974189645756554,2.8950959467440454,2.0391499648982334,0,Lector Elemental Consolidado
Elemental_Progresivo,1.9022297752886443,0.8142599686034478,12.807739681473493,0.712503583849008,3.142191993640698,2.035541064918883,0,Lector Elemental Consolidado
Elemental_Progresivo,1.9711227067344737,0.8231865960672851,12.135149337920081,0.7323187121388852,3.118620251593677,1.9752362848548808,0,Lector Elemental Consolidado
Elemental_Progresivo,2.0260906417793696,0.774977728472294,13.739221615365521,0.7163019572711402,2.895455395896192,2.083920738066951,0,Lector Elemental Consolidado
Elemental_Progresivo,1.9436525047565794,0.7718307740727288,11.754696661180876,0.7321201990269127,2.743914129500743,2.140383534558749,0,Lector Elemental Consolidado
Elemental_Progresivo,1.8334456473693022,0.8339291273658008,13.168813973762095,0.7180657377625921,2.89101618263821,2.0319308891481658,0,Lector Elemental Consolidado
Elemental_Progresivo,1.996989223806012,0.8220660376403305,13.091382118929632,0.7230060352292376,2.927277557557229,1.9954443501023147,0,Lector Elemental Consolidado
Intermedio_Bajo,3.0246241415113646,0.7257966321468675,8.92145166231543,0.6948652818804544,3.0341730876255886,2.985281333091786,8,Lector Intermedio Bajo
Intermedio_Bajo,3.0014747146452314,0.7669516341072334,9.56819225575251,0.6644339054919538,3.0391690510195364,2.9217301777907974,8,Lector Intermedio Bajo
Intermedio_Bajo,3.0326602204571578,0.7259483279152432,10.823324509860514,0.689451949648261,3.0512059468627752,3.078615278715641,8,Lector Intermedio Bajo
Intermedio_Bajo,3.1332379555570062,0.7802874013003627,8.527300614934683,0.654408460665286,2.8750362844608643,3.002087284016867,8,Lector Intermedio Bajo
Intermedio_Bajo,3.04141272163753,0.7454851237369307,10.149413411581662,0.6648923413529336,2.8776964394016105,2.8874671122521423,8,Lector Intermedio Bajo
Intermedio_Bajo,2.9261413403111276,0.7329663078876734,9.219301397618134,0.7010728359321569,2.8101202222336115,3.2105905651869913,8,Lector Intermedio Bajo
Intermedio_Bajo,3.0394654320704713,0.7636967224738975,9.313313775855029,0.6940061975881798,2.8848724347524453,3.009760785171629,8,Lector Intermedio Bajo
Intermedio_Bajo,3.2048067630615034,0.758078802005507,10.91941866102854,0.6659364714974823,2.993002301900608,3.141664050850841,8,Lector Intermedio Bajo
Intermedio_Bajo,2.9498426353769784,0.7962489711599385,10.566201548364381,0.6687506644821147,3.126481547811104,3.0778043559701382,8,Lector Intermedio Bajo
Intermedio_Bajo,3.0497447969773757,0.7285955056021909,9.418290259340106,0.67504962728897,2.9851133141799906,3.0496537678040543,8,Lector Intermedio Bajo
Intermedio_Bajo,3.0142160800746605,0.733293112825798,10.30415828080477,0.6922117149056766,3.111958089586208,3.0864624580443696,8,Lector Intermedio Bajo
Intermedio_Bajo,3.0667137723639124,0.7691836015845688,9.943867430833082,0.6467807813296802,3.085923643826517,3.016615014973049,8,Lector Intermedio Bajo
Intermedio_Bajo,3.02172630697563,0.7344650284835939,9.13515476767339,0.7010630570666582,2.992088969228669,3.05452005578981,8,Lector Intermedio Bajo
Intermedio_Bajo,3.0022654700904368,0.7605951227899149,10.750627044780797,0.6696791054356526,3.019224155388197,2.9630179769035965,8,Lector Intermedio Bajo
Intermedio_Bajo,2.9652403018054145,0.7538165575306273,10.17770701730697,0.6704250275667305,3.2511512251147043,2.92843141582244,8,Lector Intermedio Bajo
Intermedio_Bajo,2.9850502684670914,0.7512053788345165,11.157582307482986,0.6839310955302316,3.2063689078937267,2.8811551701570424,8,Lector Intermedio Bajo
Intermedio_Bajo,3.0213640212695405,0.7777926159124687,10.06582719142034,0.7013096075013071,2.8965423099799255,3.1127477952148466,8,Lector Intermedio Bajo
Intermedio_Bajo,3.1839118498895402,0.7527432287912068,9.643597982879383,0.7090676895423541,3.3159144291461424,2.9581711978277387,8,Lector Intermedio Bajo
Intermedio_Bajo,2.9663850546323314,0.7543643078227898,8.924439591172579,0.661626961070316,2.7991718466495863,2.9385761947916698,8,Lector Intermedio Bajo
Intermedio_Bajo,2.9972252090090574,0.7646842946507304,11.240400394251262,0.6600329191852242,3.196864479695317,2.982880892461959,8,Lector Intermedio Bajo
Intermedio_Bajo,2.9960429032278055,0.7734963898433321,9.10182238275016,0.687648194923681,3.0332904416426114,3.039396101120652,8,Lector Intermedio Bajo
Intermedio_Bajo,3.0231334915126253,0.8091060027982179,9.489808012598948,0.6693800608999637,2.8753718947150473,2.95556183046718,8,Lector Intermedio Bajo
Intermedio_Bajo,2.9490090298154787,0.783780330622151,11.136403398391884,0.6685850741250106,2.8335288853791543,3.0377132445109125,8,Lector Intermedio Bajo
Intermedio_Bajo,2.9558221564575224,0.7726586363551102,10.16233841668104,0.6496851177000554,3.3095010402660123,3.1436702138476416,8,Lector Intermedio Bajo
Intermedio_Bajo,2.9509769047612493,0.7522459688012804,10.228692312579923,0.6866891357997406,3.131708854534566,3.1608163631013078,8,Lector Intermedio Bajo
Intermedio_Bajo,2.985844221800476,0.7440340551092309,8.896544617588379,0.6653813992011617,2.9933746054252404,3.143564629081423,8,Lector Intermedio Bajo
Intermedio_Bajo,2.9585910960771065,0.764475759032778,9.986861683141798,0.7037678654689618,3.5053864851747245,2.957530498166374,8,Lector Intermedio Bajo
Intermedio_Bajo,2.960844844598542,0.7808832175413815,10.54551319170105,0.7169341465147208,3.1167856370651927,2.971256632737035,8,Lector Intermedio Bajo
Intermedio_Bajo,3.047252386455385,0.7821740716116582,10.656385744957891,0.690145480622146,3.2133349379178306,3.093543647235654,8,Lector Intermedio Bajo
Intermedio_Bajo,3.1105727192830024,0.7729741977517929,9.866305535746516,0.6829342737286666,3.2413017933016715,2.9346451463210212,8,Lector Intermedio Bajo
Intermedio_Consolidado,3.029493864709832,0.8521332237534528,8.022995858347853,0.825569037252146,4.03821981360398,3.003714923852492,5,Lector Intermedio Progresivo
Intermedio_Consolidado,2.8912115087216064,0.8749250713205444,8.51638734491286,0.8432650944661092,3.9384443530094,3.0175320262131153,5,Lector Intermedio Progresivo
Intermedio_Consolidado,3.0199506946968606,0.8915490655952695,7.923763574090438,0.8055804305154068,4.121579301943308,3.0149287298525085,5,Lector Intermedio Progresivo
Intermedio_Consolidado,2.9642853108359577,0.8638817998579661,8.858905399887817,0.7794696940117788,4.026593934829375,2.943990334804866,5,Lector Intermedio Progresivo
Intermedio_Consolidado,3.0956037303139876,0.8295362619043245,7.552862522182729,0.8075442375012905,4.313104805846868,2.994739979114161,5,Lector Intermedio Progresivo
Intermedio_Consolidado,2.955584037864544,0.8976231413888118,6.841588879667005,0.7560238808675984,4.088002890010666,2.959835662051791,5,Lector Intermedio Progresivo
Intermedio_Consolidado,2.918301374629543,0.874167128945987,8.195040571016959,0.7887184273852654,3.743939120265821,3.0697965862624117,5,Lector Intermedio Progresivo
Intermedio_Consolidado,3.0520160942366927,0.8580164827244123,9.477309596838133,0.778598304673477,3.694894965815052,2.9446473544095007,5,Lector Intermedio Progresivo
Intermedio_Consolidado,2.99635311869156,0.8648667889864539,7.807011153714936,0.8070411079302859,3.749692115161911,3.115501168325861,5,Lector Intermedio Progresivo
Intermedio_Consolidado,2.9934279057285944,0.8823459166317625,8.274180277102163,0.8091350643830757,4.113953456046441,3.035816684801385,5,Lector Intermedio Progresivo
Intermedio_Consolidado,3.0514178207894034,0.8865830506026486,8.157216935761177,0.8141800751517703,3.9820528611425545,3.1152093772359577,5,Lector Intermedio Progresivo
Intermedio_Consolidado,2.9458886158352584,0.8960188086582163,7.967873639484525,0.7713844979576391,4.025620882982158,2.9455158674020097,5,Lector Intermedio Progresivo
Intermedio_Consolidado,3.067251483919098,0.8469475204139522,7.643053253428176,0.7622091853810894,3.9095387361501848,2.8060896538696833,5,Lector Intermedio Progresivo
Intermedio_Consolidado,2.8732877741211422,0.875208293122886,8.628640126920665,0.8085091512356993,3.8066047713741575,2.996183091508642,5,Lector Intermedio Progresivo
Intermedio_Consolidado,2.9997117968727545,0.8368327062161491,9.202718641413721,0.8175472458115135,3.9558071652340674,3.0021508671195622,5,Lector Intermedio Progresivo
Intermedio_Consolidado,3.0166706246358044,0.8191653026315142,7.802258093983522,0.7863603150400441,3.799675998021017,2.9775119765691236,5,Lector Intermedio Progresivo
Intermedio_Consolidado,3.143814922147962,0.8728168572253402,7.543056808173763,0.8114516556271232,4.279871087317201,3.0739706946330214,5,Lector Intermedio Progresivo
Intermedio_Consolidado,3.0047704295936137,0.8470612644458885,8.558578650890873,0.807869707708435,4.179038644005546,3.0508137441345577,5,Lector Intermedio Progresivo
Intermedio_Consolidado,3.083964217225547,0.8492952957687886,9.05391525250746,0.803951992093848,4.415052174525053,2.9448649745528344,5,Lector Intermedio Progresivo
Intermedio_Consolidado,3.1388771042532198,0.8639582156692529,7.478865597108442,0.7903222833189136,3.935930538361136,3.0339332757121533,5,Lector Intermedio Progresivo
Intermedio_Consolidado,3.04182683904284,0.8485259999212285,7.980516326191213,0.8428454071722373,4.345508634020142,3.0349058935739226,5,Lector Intermedio Progresivo
Intermedio_Consolidado,3.003040278253456,0.8624006265343652,8.490814378184334,0.779544148696032,3.948524692515331,2.866513274089793,5,Lector Intermedio Progresivo
Intermedio_Consolidado,3.0319378498084224,0.8729439187940549,7.613450830160501,0.8314797352658007,3.754846867399532,2.8828500095832146,5,Lector Intermedio Progresivo
Intermedio_Consolidado,3.017956145484798,0.8809419660522431,9.347142153166295,0.7908223147426212,4.215736166686259,2.9969193224399433,5,Lector Intermedio Progresivo
Intermedio_Consolidado,2.9861898160047344,0.8776731987497335,8.521858302730736,0.768472156860315,4.295308069945179,3.110407308331796,5,Lector Intermedio Progresivo
Intermedio_Consolidado,2.9499549838792376,0.8679160706687482,8.395224149026191,0.8052134753164781,3.889938969230916,2.946270130564956,5,Lector Intermedio Progresivo
Intermedio_Consolidado,2.9979556743206843,0.8834545803851873,8.434880123675546,0.7925877133582779,4.154339742129669,2.772116590349594,5,Lector Intermedio Progresivo
Intermedio_Consolidado,3.091901256029768,0.825205724424438,7.710047246877494,0.7776066021074771,3.7410637048558186,3.0928661429902817,5,Lector Intermedio Progresivo
Intermedio_Consolidado,2.9625839038950486,0.8669300776346143,7.962463536896653,0.8095408165444625,4.015364378212051,2.8973606220649146,5,Lector Intermedio Progresivo
Intermedio_Consolidado,3.079701345555771,0.8501248683367737,6.754734481072199,0.7914376967806818,4.300151958126862,3.0680177393690795,5,Lector Intermedio Progresivo
Intermedio_Alto,3.972107829247371,0.8730148459136314,5.742691959026094,0.8815349596712168,4.07638709044631,4.034403331775286,3,Lector Avanzado Emergente
Intermedio_Alto,4.0824226763225475,0.8847757831805303,5.792766283343438,0.8360730030183005,3.985679748117187,3.9970222210792126,3,Lector Avanzado Emergente
Intermedio_Alto,4.058210363490958,0.881038917716146,6.5861120617724636,0.8383856683978284,4.015727038063218,3.8401439452374313,3,Lector Avanzado Emergente
Intermedio_Alto,4.073306213976198,0.8869297695179599,6.798408087887722,0.7820748924361262,4.417674940956146,3.988832829747586,3,Lector Avanzado Emergente
Intermedio_Alto,4.088654625339001,0.8592018814574894,6.490219124050055,0.8189316887365269,3.875246207860839,4.153122508309343,3,Lector Avanzado Emergente
Intermedio_Alto,3.984745407938932,0.8843486574635945,6.696054184551003,0.8499136377594521,4.030083781028715,4.029196880197298,3,Lector Avanzado Emergente
Intermedio_Alto,4.192273246819062,0.8788476240593283,6.160879237371974,0.8610130879201522,4.221105186591597,4.09496242444483,3,Lector Avanzado Emergente
Intermedio_Alto,4.051098417762335,0.8571399017453903,7.306745225840877,0.8170730921396262,4.060527093047806,3.9396579319984513,3,Lector Avanzado Emergente
Intermedio_Alto,3.994868932272561,0.8865752482060696,6.2570857723602185,0.8484384150847056,4.32274225381173,4.036282744121118,3,Lector Avanzado Emergente
Intermedio_Alto,3.980467469176748,0.8992817433657672,6.951576391139713,0.8154478436972601,4.119480013969971,4.056093819384872,3,Lector Avanzado Emergente
Intermedio_Alto,3.9761949197312005,0.9075141362662325,5.879955530373978,0.8425115290694308,3.965385635143226,4.001246323806518,3,Lector Avanzado Emergente
Intermedio_Alto,3.9122979930483837,0.8511989823481141,7.275604050579978,0.8230607730336335,3.8017215301087384,3.827728790911703,3,Lector Avanzado Emergente
Intermedio_Alto,3.9488830601848397,0.85353820413185,7.313612128109096,0.8601963417868527,3.862369930964455,4.180194864427545,3,Lector Avanzado Emergente
Intermedio_Alto,4.078541238959327,0.8735033723298276,4.000475428101142,0.8858188514518148,3.722085506647281,3.8683681002434485,3,Lector Avanzado Emergente
Intermedio_Alto,4.081805634560771,0.9287950481267855,7.107418254808414,0.8512781824010471,4.118950868333057,4.068273244702425,3,Lector Avanzado Emergente
Intermedio_Alto,4.060714287182941,0.8856238284793875,6.083360883161501,0.8387481374420095,3.849207082226665,3.977545993850658,3,Lector Avanzado Emergente
Intermedio_Alto,3.8645634548643693,0.878033207464105,5.209127114279266,0.8179282136556846,4.035978830230696,4.111360182907568,3,Lector Avanzado Emergente
Intermedio_Alto,4.073465328480185,0.8485899879275365,5.20829749074373,0.8588154237597643,3.803502521292338,3.9820293480002382,3,Lector Avanzado Emergente
Intermedio_Alto,4.0440041679219645,0.8606331109027273,6.0843004049167675,0.8133194901016358,3.879726471209757,4.025582554731403,3,Lector Avanzado Emergente
Intermedio_Alto,3.8725605013174667,0.888809494759208,5.984289760858655,0.8510497990883429,4.044782826812932,4.109131234397908,3,Lector Avanzado Emergente
Intermedio_Alto,4.010017960211832,0.8714118891774949,6.097838002425827,0.8508659605807277,4.009772014065141,4.003247335296311,3,Lector Avanzado Emergente
Intermedio_Alto,3.9438406649754594,0.8667419816489811,4.877915782560245,0.8749915348637387,3.751227352921743,3.9445675841763275,3,Lector Avanzado Emergente
Intermedio_Alto,3.942527418754464,0.8978984875388888,5.764040257366378,0.8649548414534747,3.8653018751512263,4.022319532977904,3,Lector Avanzado Emergente
Intermedio_Alto,3.9331722357392196,0.9229029825554678,5.04992126477639,0.8461964142045405,4.12675537618642,4.03310392779612,3,Lector Avanzado Emergente
Intermedio_Alto,3.9851769872897833,0.8774035860053315,6.0350491775832875,0.8370599599674302,4.192775823358982,4.176841840127308,3,Lector Avanzado Emergente
Intermedio_Alto,3.955400657199373,0.8526039404084185,5.929374361318996,0.8915941867530863,3.839265086406054,4.131129344435525,3,Lector Avanzado Emergente
Intermedio_Alto,4.1342160651261155,0.8689282351658401,6.4551864633482205,0.8725679324625707,3.924174451802503,3.983713571191811,3,Lector Avanzado Emergente
Intermedio_Alto,3.9534655268841083,0.8597048653861427,5.480577963947194,0.8155211946647548,4.006816693651845,3.9384021415153088,3,Lector Avanzado Emergente
Intermedio_Alto,4.01870287294326,0.8488820870759275,6.264704185771565,0.8566705792321785,3.601252871485709,4.029924525587806,3,Lector Avanzado Emergente
Intermedio_Alto,4.098213519397864,0.8558071796261759,7.338057909470162,0.8483803801873209,3.8589976288483183,3.9955384737873834,3,Lector Avanzado Emergente
Avanzado_Emergente,4.044666153001738,0.9115201078282482,5.431004793957095,0.8615865281384126,5.0338721648072156,3.8869028402476014,9,Lector Avanzado Consolidado
Avanzado_Emergente,3.991101915092104,0.8919218471707042,4.411576045928187,0.9047218635042088,5.218262024118854,4.048731049672575,9,Lector Avanzado Consolidado
Avanzado_Emergente,3.9126149788261935,0.903671831006104,5.9704781599833465,0.8828343382727981,5.463865907996339,4.0314654271515495,9,Lector Avanzado Consolidado
Avanzado_Emergente,4.015363929319203,0.90381767071595,5.106832723825826,0.8769506032723892,5.1416217353377185,4.076536185343567,9,Lector Avanzado Consolidado
Avanzado_Emergente,3.937120843159364,0.8833753409288445,3.5310357015173626,0.8901598265382509,4.7793266787652255,3.8277687525638013,9,Lector Avanzado Consolidado
Avanzado_Emergente,4.031086288362477,0.9598599903486559,4.995143270768085,0.8967698154890329,5.016365871709513,3.9920888277447086,9,Lector Avanzado Consolidado
Avanzado_Emergente,4.0735261186390215,0.904194509116227,5.213913851257522,0.8864339561239203,4.86638190927139,4.079363387962922,9,Lector Avanzado Consolidado
Avanzado_Emergente,3.9860032194643673,0.8948850968101432,5.429207874856322,0.8620306403641793,5.005636231473826,3.9992704802684638,9,Lector Avanzado Consolidado
Avanzado_Emergente,4.086871645266526,0.9194939646575991,4.979978433003885,0.8963553259840058,5.2780415098034625,4.044624824508149,9,Lector Avanzado Consolidado
Avanzado_Emergente,4.00082820958747,0.8837632753529968,4.147909069539702,0.8738955059129067,4.878097559568143,3.9850422957611644,9,Lector Avanzado Consolidado
Avanzado_Emergente,4.004531993991769,0.9205938550871346,4.943600977552727,0.8897300328765241,5.012894882962024,3.84196267469169,9,Lector Avanzado Consolidado
Avanzado_Emergente,3.9248531684945,0.9071182488855677,4.032244205727114,0.891998574599924,5.30615016646874,4.097500948135785,9,Lector Avanzado Consolidado
Avanzado_Emergente,3.9829245703255833,0.9398145227369991,5.1189339657616895,0.8732582805776392,4.877319467291812,3.97580242508095,9,Lector Avanzado Consolidado
Avanzado_Emergente,3.9689458545167016,0.9134083244475097,5.128459184839891,0.8800609204030683,5.08738763394927,4.0952517019829076,9,Lector Avanzado Consolidado
Avanzado_Emergente,4.075964330835306,0.8803020406310019,2.9568630920784362,0.8986863982247855,4.726624260316916,3.982018767848585,9,Lector Avanzado Consolidado
Avanzado_Emergente,3.906390957915251,0.8739603912483996,5.43317018256383,0.895183103206053,4.8846979198546565,3.7927166166284074,9,Lector Avanzado Consolidado
Avanzado_Emergente,3.9563004441398015,0.917836080108051,3.816870744980697,0.8836671983955832,4.996938030165401,4.046343319968087,9,Lector Avanzado Consolidado
Avanzado_Emergente,4.009566429473132,0.8905386211823689,5.957257201331593,0.8768294085394606,4.994539092098013,3.925338563274144,9,Lector Avanzado Consolidado
Avanzado_Emergente,3.964537419904679,0.892303945719462,4.861643152061261,0.9142341696028469,4.7256197714137285,3.870915088169861,9,Lector Avanzado Consolidado
Avanzado_Emergente,4.117693626199489,0.9058135264569627,4.464741809072066,0.9007980937479215,4.878876892052627,4.146080777083755,9,Lector Avanzado Consolidado
Avanzado_Emergente,4.0542340697071415,0.900241771837086,6.725846570612402,0.8678857015399333,5.148419074401861,4.02394340643252,9,Lector Avanzado Consolidado
Avanzado_Emergente,4.104139303151904,0.941230223934537,5.025603319252613,0.8649316425930763,5.091994428587824,3.9457827704198314,9,Lector Avanzado Consolidado
Avanzado_Emergente,4.16107097980213,0.9127307066216548,4.707742758950313,0.8836936061172982,4.730574742094061,3.9222708769191477,9,Lector Avanzado Consolidado
Avanzado_Emergente,4.0960331126355545,0.8968621144205721,4.162471213854448,0.8907330550505457,5.237140830932599,4.057516264853206,9,Lector Avanzado Consolidado
Avanzado_Emergente,4.079683814864465,0.8948640982286108,3.862551466606525,0.9100266730391098,4.935464032231573,3.979933358683596,9,Lector Avanzado Consolidado
Avanzado_Emergente,4.106255531347925,0.9211246001880132,5.364710217665286,0.9233000468980217,4.871296353923971,4.074227210246499,9,Lector Avanzado Consolidado
Avanzado_Emergente,4.004561049991767,0.9153718455772651,6.222774741130025,0.8901567151257925,5.107659215809926,4.085800586984784,9,Lector Avanzado Consolidado
Avanzado_Emergente,3.9708037816365693,0.8932158066532199,4.164152644783173,0.84067286821248,5.411241425988065,3.9117433307422655,9,Lector Avanzado Consolidado
Avanzado_Emergente,3.9822997101131383,0.9044637340022216,5.2459253582472805,0.8963147442507859,5.172094697671949,3.9533538049144847,9,Lector Avanzado Consolidado
Avanzado_Emergente,3.986630262897087,0.915651599009766,4.801047099053163,0.9121469115203998,5.0981949903276504,4.058790222883985,9,Lector Avanzado Consolidado
Avanzado_Consolidado,5.0,0.9534694771497065,3.1448172469629654,0.8840633610408831,5.079937590350529,4.947891448496653,1,Lector Independiente
Avanzado_Consolidado,4.957710665460019,0.9417272803751019,3.9906264571469086,0.9104254315347212,5.061766602519793,5.0,1,Lector Independiente
Avanzado_Consolidado,5.0,0.9820336622836079,3.4524077165052356,0.8747847448168837,5.150668324220907,5.0,1,Lector Independiente
Avanzado_Consolidado,5.0,0.9434636270253992,2.889235212812981,0.8855140352742127,4.9581953485427945,4.931958363663256,1,Lector Independiente
Avanzado_Consolidado,4.953558124015622,0.9417715680884122,4.335923603481125,0.9178934305964597,4.760823387592963,5.0,1,Lector Independiente
Avanzado_Consolidado,5.0,0.9178043419136124,2.8927862666616657,0.9102937638945839,4.843020337383552,5.0,1,Lector Independiente
Avanzado_Consolidado,4.990324148111378,0.9383906488781406,2.29000625775832,0.9012508339935318,5.144476271565554,4.970173347832659,1,Lector Independiente
Avanzado_Consolidado,5.0,0.922007276287708,3.1797477806015086,0.9286518166374619,4.716326853413394,4.859135295041538,1,Lector Independiente
Avanzado_Consolidado,4.877947494834393,0.9552516820685437,2.5585134832860428,0.961163985713365,4.887150480268522,5.0,1,Lector Independiente
Avanzado_Consolidado,5.0,0.9701218577631825,4.649202861309118,0.9341673246118629,5.204812505162293,5.0,1,Lector Independiente
Avanzado_Consolidado,5.0,0.9189762856734294,2.345440893262154,0.909932510851781,4.965963075495014,4.963741756053818,1,Lector Independiente
Avanzado_Consolidado,5.0,0.9491061041714103,3.070725509033478,0.9395506016211053,4.771662177173299,4.984507243257623,1,Lector Independiente
Avanzado_Consolidado,4.9426542143517755,0.8926692676585388,2.9338554513258406,0.9075650498323343,5.3026899486484265,5.0,1,Lector Independiente
Avanzado_Consolidado,4.918065054053663,0.9670818513266838,3.9768269564202825,0.9216419540693723,4.954703180230034,4.923244861062122,1,Lector Independiente
Avanzado_Consolidado,4.970223457914316,0.9517749723940838,4.507669044747687,0.9408648705654438,4.9022301156427455,4.910430605336879,1,Lector Independiente
Avanzado_Consolidado,5.0,0.894631212688743,3.2585341713478253,0.9070479482740267,4.906792699626352,4.872423754618656,1,Lector Independiente
Avanzado_Consolidado,5.0,0.9193459832067619,2.0640665314317697,0.852554755734367,4.994497018989873,5.0,1,Lector Independiente
Avanzado_Consolidado,5.0,0.9208580748682746,2.5182303517105753,0.9193754851215005,4.800322912162342,5.0,1,Lector Independiente
Avanzado_Consolidado,5.0,0.9545386644776862,2.9198767388160376,0.9059265249964608,4.8244034826486875,4.933849571676811,1,Lector Independiente
Avanzado_Consolidado,4.981881688647878,0.9373473101363237,3.7308677009865994,0.8939364209863931,5.298537713791904,4.978310111916595,1,Lector Independiente
Avanzado_Consolidado,4.998290616452125,0.9150557664170436,1.0606077917816465,0.927680907927221,5.147368779418486,4.977493795430543,1,Lector Independiente
Avanzado_Consolidado,5.0,0.940318784354082,1.7499633144907658,0.8994189464530742,5.158852935924365,4.89965684614646,1,Lector Independiente
Avanzado_Consolidado,5.0,0.9028683639075319,3.373143985946821,0.9092871703540504,4.676973636818898,5.0,1,Lector Independiente
Avanzado_Consolidado,4.941232673856156,0.9137949512597124,3.1604553577847545,0.9329727469885744,4.796835636204321,5.0,1,Lector Independiente
Avanzado_Consolidado,5.0,0.9438621121452629,3.14115324422178,0.9026594432183336,4.834481955870256,5.0,1,Lector Independiente
Avanzado_Consolidado,4.9142288790411515,0.8715729903301079,3.3492478433261343,0.928078696821724,4.527413512891632,4.919221543623205,1,Lector Independiente
Avanzado_Consolidado,5.0,0.9711499093942341,3.0166349661403262,0.8954399411754174,4.963420711779032,5.0,1,Lector Independiente
Avanzado_Consolidado,4.948322865670037,0.914016159866995,2.613805182254374,0.8909334278348258,5.024534063198959,5.0,1,Lector Independiente
Avanzado_Consolidado,5.0,0.9249529299574742,2.766550984867565,0.8787361838260669,5.1766219554294315,4.993773024238976,1,Lector Independiente
Avanzado_Consolidado,4.98556160691275,0.9938621513568973,3.239002326692549,0.8949641789980963,4.914728480758892,5.0,1,Lector Independiente
Lector_Independiente,5.0,0.9412344404336527,2.735383147660163,0.94663711828922,7.374659555243509,5.0,7,Lector Independiente
Lector_Independiente,4.9642142483473,0.9956203272347023,2.0542844084219225,0.9770554735024444,7.096946563458895,4.93229146760073,7,Lector Independiente
Lector_Independiente,4.948516013414603,0.9905992163516232,1.7321797343147673,0.95192703073516,6.808975484130129,5.0,7,Lector Independiente
Lector_Independiente,5.0,0.9486493417149146,2.0193755653382066,0.9882444111083085,6.9840717217508566,5.0,7,Lector Independiente
Lector_Independiente,4.91500851774825,0.9785661419441529,1.850284587996361,0.9797145999135972,7.23747721031295,5.0,7,Lector Independiente
Lector_Independiente,5.0,0.9765159263316433,2.155507441261869,0.9529366741437862,7.067696768692338,4.976367887188878,7,Lector Independiente
Lector_Independiente,5.0,0.9963519507121592,1.194765947776287,0.9827975712225808,7.263423013467973,4.990554517840714,7,Lector Independiente
Lector_Independiente,4.830251608079313,0.9578435602581113,3.0375956372488875,0.9595426387540223,6.800139553541018,4.959618006301743,7,Lector Independiente
Lector_Independiente,5.0,0.9809346713640276,1.8088543206642445,0.9526635117637062,6.921648370191235,4.92620718524012,7,Lector Independiente
Lector_Independiente,5.0,0.9635535906157732,2.973726816660397,0.990426321038449,7.199662179629592,4.965470374982556,7,Lector Independiente
Lector_Independiente,5.0,0.9695160878721817,1.2770385114158973,0.966487185634432,6.764192041768039,5.0,7,Lector Independiente
Lector_Independiente,4.962830616216128,0.9740231931174568,2.226630297236914,0.9548219005259184,7.117338760295055,4.962007707470198,7,Lector Independiente
Lector_Independiente,5.0,0.943080406395065,2.1011036636371294,0.9987785799811657,6.799933735078885,4.945780402358012,7,Lector Independiente
Lector_Independiente,5.0,0.9735916356387919,2.280504079418847,0.9697837426029532,7.126944293712354,5.0,7,Lector Independiente
Lector_Independiente,5.0,0.9651748469076291,2.538058960962185,0.9979976386979043,6.973473250723485,4.922037655626348,7,Lector Independiente
Lector_Independiente,5.0,0.967592376720928,1.0,0.9769484335430084,6.892934362809216,4.992757337415667,7,Lector Independiente
Lector_Independiente,5.0,0.9738099935955813,2.5675614537112317,0.9512902725886031,7.102621159635216,4.979236265793286,7,Lector Independiente
Lector_Independiente,5.0,0.982307349680261,1.2516490383643237,0.9817196423235006,6.89280731097719,5.0,7,Lector Independiente
Lector_Independiente,5.0,1.0,1.8212272141025183,0.953013664077636,6.996116078822453,4.975745617373258,7,Lector Independiente
Lector_Independiente,5.0,0.9376737878312682,1.1570540646829168,0.9386439415684161,7.190061518394715,5.0,7,Lector Independiente
Lector_Independiente,4.991644062517002,0.9666235655361998,2.056041730490545,0.9832375660521637,6.814529373161885,5.0,7,Lector Independiente
Lector_Independiente,5.0,0.9800218833987969,2.151665293278995,0.9800209218513428,6.459353541400152,5.0,7,Lector Independiente
Lector_Independiente,4.947673945349806,0.9333873420628709,2.4089620796199847,0.9874731709032591,6.972510297074462,5.0,7,Lector Independiente
Lector_Independiente,5.0,0.9962982890716809,3.311971623497114,0.9748425498214378,7.015086727780319,4.871842735048227,7,Lector Independiente
Lector_Independiente,4.980315000949604,0.9531350680936761,3.736754173998251,0.9564822837513532,7.024640961356897,5.0,7,Lector Independiente
Lector_Independiente,5.0,1.0,1.5018805106124384,0.9638921491047449,6.8515058828603905,4.894398199102343,7,Lector Independiente
Lector_Independiente,4.951058472727577,0.9692592640590317,1.656558220386192,0.9461515804025229,6.718736507265633,4.9933515541897044,7,Lector Independiente
Lector_Independiente,4.87962237007752,0.9852011192737921,2.0659518023476027,0.9308489700107013,6.938158184590027,4.939827487552753,7,Lector Independiente
Lector_Independiente,5.0,0.9968090089204629,1.0,0.9623005215829483,6.967973440886672,5.0,7,Lector Independiente
Lector_Independiente,5.0,0.9549606133652236,1.7447568514667053,0.9440794828639302,7.21520142771972,5.0,7,Lector Independiente
